order_id,customer_id,product_id,store_id,quantity,order_date
1,45,13,9,4,2024-04-19
2,94,32,9,1,2025-02-12
3,4,49,4,5,2024-09-06
4,11,30,5,5,2024-06-06
5,17,29,1,5,2024-05-17
6,27,12,6,2,2024-10-03
7,1,33,9,2,2024-11-06
8,19,46,6,4,2025-01-09
9,43,31,9,2,2024-11-12
10,29,49,1,3,2024-07-21
11,52,4,8,5,2024-09-19
12,4,3,6,2,2025-01-29
13,96,26,7,4,2024-11-18
14,42,27,1,3,2024-05-27
15,75,17,2,2,2024-11-23
16,9,27,7,3,2024-10-13
17,13,47,5,2,2024-05-28
18,73,21,7,1,2024-08-05
19,47,40,2,3,2024-12-31
20,91,17,7,2,2024-10-22
21,86,25,2,4,2024-11-20
22,41,28,9,5,2025-02-03
23,64,2,9,5,2024-08-31
24,17,20,2,2,2024-09-22
25,42,43,4,1,2025-02-15
26,97,3,4,2,2024-09-23
27,100,50,3,5,2024-08-21
28,18,19,7,3,2024-12-06
29,79,49,9,5,2025-03-06
30,69,39,1,2,2024-08-11
31,14,11,6,4,2024-10-08
32,70,39,7,4,2024-12-03
33,6,24,10,5,2025-02-07
34,51,4,3,3,2024-08-30
35,23,37,2,5,2024-12-26
36,53,41,2,3,2024-08-17
37,68,45,1,2,2024-05-12
38,4,6,1,1,2024-06-27
39,20,35,3,2,2025-01-20
40,33,47,5,5,2025-02-12
41,41,30,6,5,2024-05-27
42,38,24,9,4,2024-09-25
43,99,41,5,3,2024-09-28
44,48,4,1,3,2024-12-25
45,70,25,10,2,2025-03-14
46,65,1,8,1,2025-01-02
47,47,31,3,3,2025-03-19
48,93,22,6,2,2024-10-14
49,75,49,3,1,2024-07-13
50,88,10,6,5,2024-08-01
51,55,43,3,5,2025-01-19
52,3,15,7,4,2024-06-01
53,65,12,8,3,2025-04-03
54,56,22,3,5,2024-12-30
55,23,47,2,4,2024-06-21
56,96,48,8,5,2024-09-01
57,81,16,8,2,2024-05-14
58,25,4,2,5,2024-08-03
59,81,6,5,3,2025-03-21
60,46,28,5,1,2024-10-14
61,17,29,1,4,2024-12-03
62,84,31,8,1,2024-05-20
63,16,40,4,1,2024-08-16
64,35,30,9,1,2024-04-24
65,100,29,5,3,2024-09-11
66,30,11,3,5,2024-12-14
67,75,1,1,3,2024-06-29
68,97,36,2,2,2024-10-29
69,81,31,6,2,2024-06-30
70,35,12,6,2,2025-03-03
71,17,22,8,1,2025-02-03
72,18,25,6,1,2024-09-02
73,93,43,10,5,2024-12-30
74,90,29,6,3,2024-12-04
75,31,1,8,1,2024-11-28
76,76,21,10,2,2024-12-27
77,64,33,8,3,2024-11-16
78,52,47,7,1,2024-06-22
79,82,30,10,5,2025-02-18
80,22,36,2,2,2025-03-24
81,33,25,10,4,2024-04-15
82,69,21,5,4,2024-10-05
83,64,46,10,4,2024-06-02
84,38,16,5,3,2024-05-16
85,4,18,5,2,2025-03-03
86,70,16,9,5,2024-10-28
87,90,17,10,5,2025-03-27
88,4,31,8,3,2024-08-25
89,11,21,5,1,2024-06-08
90,13,22,5,5,2025-02-04
91,89,37,7,1,2025-02-22
92,64,43,5,1,2024-05-14
93,69,31,5,2,2024-09-19
94,53,39,1,2,2024-09-25
95,55,42,5,3,2024-06-24
96,36,40,3,1,2024-12-25
97,44,30,10,4,2024-07-30
98,25,1,10,4,2024-11-04
99,67,16,9,5,2024-11-10
100,52,2,2,3,2024-04-20
101,4,43,6,2,2024-07-25
102,15,30,7,5,2024-06-26
103,11,27,7,2,2024-05-30
104,83,40,4,4,2024-11-05
105,23,40,1,1,2024-06-09
106,84,41,1,4,2024-06-19
107,49,27,9,5,2025-02-24
108,15,42,2,2,2024-10-30
109,83,12,5,4,2024-10-31
110,31,25,3,4,2024-07-17
111,89,4,4,5,2024-04-25
112,36,33,2,5,2024-04-25
113,57,44,2,4,2024-06-03
114,66,6,2,5,2024-07-13
115,50,18,2,1,2024-06-15
116,66,37,3,4,2024-10-17
117,48,47,9,4,2024-04-30
118,99,5,10,3,2024-12-27
119,75,25,8,2,2024-07-29
120,86,11,3,3,2024-07-15
121,27,22,3,3,2024-05-28
122,50,33,10,5,2025-01-06
123,98,21,7,1,2024-07-19
124,65,6,3,4,2024-04-15
125,17,44,8,3,2025-01-11
126,86,23,2,3,2024-11-09
127,81,14,8,1,2024-09-24
128,32,46,6,4,2024-05-09
129,91,3,3,4,2024-05-26
130,13,15,8,3,2024-12-30
131,57,43,9,1,2024-06-23
132,86,17,1,2,2024-10-06
133,12,15,1,5,2024-04-17
134,25,10,5,2,2024-10-27
135,65,9,9,2,2024-11-15
136,77,48,4,1,2024-11-21
137,43,17,7,1,2024-05-24
138,72,8,5,3,2024-06-24
139,70,3,3,5,2024-07-21
140,47,10,8,5,2024-11-11
141,79,43,4,2,2024-11-29
142,2,31,2,5,2024-11-01
143,43,38,3,5,2024-10-17
144,76,34,6,4,2025-03-31
145,8,7,4,3,2024-08-19
146,68,15,2,2,2024-04-23
147,17,38,2,1,2024-07-20
148,18,46,3,5,2024-07-05
149,31,38,1,5,2024-06-12
150,9,14,9,2,2025-03-27
151,77,39,1,4,2024-05-20
152,7,36,1,4,2024-05-08
153,95,11,7,5,2024-07-17
154,9,10,7,2,2025-03-30
155,42,45,3,3,2024-11-12
156,80,28,7,4,2024-08-05
157,5,7,5,3,2025-03-01
158,69,46,10,1,2024-07-17
159,51,41,2,2,2024-05-25
160,73,40,7,5,2024-04-08
161,51,13,9,3,2024-10-19
162,89,9,4,3,2025-04-07
163,75,12,4,5,2024-05-23
164,22,35,7,3,2025-03-19
165,84,45,8,1,2024-07-28
166,78,4,8,3,2024-04-24
167,90,22,3,2,2024-07-11
168,60,25,3,5,2025-02-09
169,39,7,6,1,2024-08-01
170,30,10,10,4,2024-09-26
171,26,24,1,5,2025-01-02
172,80,48,1,2,2025-01-05
173,41,49,6,4,2025-01-06
174,57,6,6,5,2025-02-21
175,60,9,6,2,2024-12-26
176,22,13,10,4,2025-02-06
177,27,28,10,4,2024-08-08
178,45,14,7,4,2025-01-13
179,4,25,9,1,2024-07-24
180,53,10,5,4,2024-10-27
181,87,49,4,4,2024-04-11
182,8,30,9,1,2024-10-12
183,69,3,1,3,2024-05-11
184,32,42,3,3,2024-05-12
185,8,35,10,1,2025-03-24
186,86,4,1,2,2024-06-05
187,17,6,2,4,2025-01-31
188,1,45,4,3,2025-03-10
189,76,50,3,1,2024-10-09
190,51,42,2,5,2024-05-21
191,1,17,8,1,2025-03-12
192,10,4,2,4,2025-02-10
193,35,37,10,4,2025-01-23
194,5,35,6,2,2024-11-25
195,51,7,8,1,2024-06-27
196,13,34,10,3,2024-06-14
197,12,32,3,2,2024-11-15
198,12,17,1,3,2024-08-29
199,35,18,7,2,2025-01-03
200,71,33,2,4,2024-09-15
201,84,31,8,5,2024-09-03
202,93,19,9,4,2024-07-28
203,2,49,3,3,2025-03-21
204,33,10,2,1,2025-01-24
205,86,50,5,5,2024-09-27
206,40,4,4,3,2024-05-22
207,14,33,7,4,2024-10-24
208,14,11,6,1,2024-06-02
209,37,40,6,4,2025-02-03
210,81,44,3,5,2024-12-10
211,42,19,5,4,2024-11-28
212,71,50,7,3,2024-11-10
213,93,49,5,3,2024-05-17
214,34,30,2,3,2024-12-14
215,67,30,1,1,2024-11-14
216,30,19,9,5,2024-04-11
217,78,12,5,5,2024-10-18
218,40,32,10,4,2024-10-26
219,78,27,2,4,2024-11-07
220,20,46,9,1,2024-07-12
221,38,21,9,2,2025-03-04
222,83,44,9,1,2025-03-11
223,84,45,8,4,2024-10-03
224,48,35,5,5,2024-08-06
225,45,40,10,2,2025-04-01
226,87,38,3,2,2024-07-31
227,48,42,6,3,2024-11-28
228,38,9,5,4,2025-04-08
229,1,16,6,4,2024-06-01
230,47,14,5,5,2024-07-01
231,23,28,9,2,2024-07-06
232,8,10,4,5,2024-11-05
233,47,13,1,5,2025-01-03
234,86,9,9,4,2024-08-07
235,73,10,9,1,2024-08-12
236,97,4,10,2,2024-04-13
237,58,19,9,2,2024-09-22
238,9,39,9,2,2024-06-30
239,13,47,3,4,2024-08-11
240,70,30,6,3,2025-01-06
241,46,44,1,2,2024-06-12
242,67,7,8,5,2025-02-28
243,38,39,9,2,2025-01-28
244,80,7,7,5,2025-03-11
245,23,24,4,2,2024-08-20
246,7,42,6,2,2024-04-10
247,98,28,2,2,2024-09-23
248,12,4,9,1,2024-11-01
249,70,38,4,4,2024-06-02
250,17,11,6,4,2024-05-01
251,82,41,7,4,2024-10-01
252,84,37,6,3,2024-08-23
253,65,28,9,5,2024-06-20
254,5,32,5,3,2024-11-19
255,12,21,3,2,2024-08-26
256,87,5,5,2,2024-04-23
257,38,32,5,1,2024-05-28
258,63,49,4,4,2024-11-06
259,41,43,1,4,2024-07-17
260,49,16,4,4,2024-11-29
261,57,31,9,1,2024-08-05
262,20,12,1,1,2024-07-04
263,12,6,2,5,2024-04-30
264,8,47,6,4,2024-11-29
265,6,20,3,4,2025-02-10
266,56,28,2,4,2024-10-29
267,20,47,5,4,2024-09-26
268,7,30,9,4,2025-01-11
269,95,14,5,4,2025-02-02
270,23,16,3,2,2024-07-14
271,83,46,8,5,2024-04-08
272,26,28,9,2,2024-08-27
273,93,17,5,1,2024-05-19
274,30,35,3,1,2024-09-22
275,48,10,8,3,2025-02-02
276,99,26,10,4,2025-01-15
277,92,39,4,2,2024-12-13
278,24,29,3,2,2024-07-07
279,33,48,6,3,2024-12-01
280,23,31,4,4,2024-11-12
281,29,37,8,2,2024-08-07
282,31,14,9,2,2024-07-17
283,23,29,10,3,2024-05-19
284,93,47,2,3,2024-12-06
285,15,10,2,3,2025-03-30
286,72,21,7,5,2025-01-11
287,6,40,2,1,2024-05-05
288,77,6,6,4,2024-07-07
289,67,12,3,5,2024-10-04
290,1,27,7,4,2024-05-14
291,59,49,4,4,2025-03-08
292,85,30,5,4,2024-11-11
293,2,37,1,1,2024-04-26
294,61,50,5,5,2025-01-03
295,66,15,5,3,2024-05-29
296,38,25,10,2,2024-05-20
297,12,21,2,5,2025-03-02
298,77,3,2,2,2024-07-04
299,82,9,9,3,2025-02-24
300,27,14,8,3,2024-05-15
301,86,42,3,1,2025-02-06
302,4,5,9,4,2024-09-25
303,70,50,9,2,2025-03-26
304,21,43,5,5,2024-11-06
305,91,43,1,5,2024-07-11
306,7,14,4,1,2024-08-02
307,64,41,1,1,2024-06-30
308,63,39,3,1,2024-07-17
309,43,13,9,3,2024-05-17
310,33,6,5,3,2024-10-05
311,71,14,5,4,2024-12-31
312,98,40,6,5,2025-02-16
313,4,34,1,5,2024-12-29
314,96,5,8,2,2025-03-01
315,73,27,4,4,2024-07-21
316,37,13,6,2,2024-06-23
317,63,20,6,5,2024-08-10
318,96,8,9,1,2025-03-25
319,30,39,2,5,2025-01-15
320,46,22,6,1,2024-06-03
321,86,19,10,1,2025-03-27
322,80,24,6,1,2024-06-27
323,72,11,8,4,2025-01-30
324,97,20,7,5,2025-02-14
325,64,32,5,3,2024-12-12
326,91,4,5,4,2024-06-23
327,96,19,3,4,2025-01-25
328,99,27,4,4,2024-09-12
329,49,48,9,5,2024-11-21
330,41,31,1,3,2024-10-17
331,24,20,2,1,2024-07-09
332,42,5,3,5,2024-10-01
333,28,41,8,4,2025-02-19
334,24,13,7,4,2024-12-27
335,51,21,8,4,2024-11-21
336,85,35,8,5,2024-05-15
337,12,11,4,4,2024-12-07
338,22,25,3,1,2024-08-14
339,30,18,1,2,2024-07-28
340,70,15,1,2,2024-09-11
341,59,25,2,2,2024-05-12
342,13,13,7,2,2025-02-05
343,98,16,6,5,2024-10-22
344,36,1,3,4,2024-05-21
345,20,16,8,3,2024-09-20
346,6,33,4,2,2024-10-18
347,100,41,2,1,2024-10-29
348,10,4,5,4,2024-06-03
349,37,50,4,3,2024-08-27
350,90,19,6,5,2024-12-30
351,45,12,5,2,2024-07-15
352,15,10,2,2,2024-09-01
353,65,43,7,2,2024-07-29
354,91,20,3,2,2024-07-09
355,16,8,1,4,2024-09-03
356,100,48,6,4,2024-12-22
357,31,27,9,5,2024-12-23
358,48,47,6,3,2024-11-29
359,58,47,9,5,2024-07-26
360,65,44,10,3,2024-11-17
361,21,38,8,3,2024-07-24
362,57,25,2,1,2025-03-19
363,23,14,4,5,2024-06-19
364,56,9,10,5,2024-08-21
365,31,38,6,5,2024-10-21
366,85,45,8,1,2024-08-29
367,44,31,5,3,2024-11-07
368,57,35,1,2,2025-02-26
369,64,5,7,1,2025-01-16
370,61,40,9,5,2025-01-01
371,1,37,2,2,2024-07-29
372,19,25,9,1,2024-11-02
373,90,42,9,3,2024-05-30
374,50,44,1,2,2024-10-02
375,58,10,1,2,2024-09-22
376,61,8,5,5,2024-05-31
377,63,38,4,5,2024-06-02
378,83,22,6,1,2025-01-19
379,90,42,10,3,2024-10-14
380,73,19,3,2,2024-12-07
381,28,24,5,2,2024-12-09
382,82,30,2,1,2024-05-29
383,94,25,7,1,2025-03-09
384,90,7,8,2,2024-06-04
385,57,34,3,2,2025-01-27
386,82,12,9,5,2024-04-09
387,90,38,9,1,2025-03-10
388,81,26,6,2,2024-10-02
389,53,20,7,3,2024-07-26
390,30,12,5,1,2025-04-04
391,27,17,2,5,2024-10-22
392,26,48,2,2,2024-07-08
393,78,50,10,3,2024-11-20
394,3,15,3,4,2024-06-08
395,9,28,1,1,2024-11-11
396,37,2,2,1,2025-01-19
397,3,38,2,3,2024-10-12
398,33,16,9,5,2024-09-19
399,91,10,2,3,2025-03-28
400,82,21,9,5,2024-11-05
401,44,2,9,2,2025-04-07
402,51,24,9,3,2024-05-15
403,38,35,3,1,2024-05-23
404,35,40,6,4,2025-01-22
405,2,30,4,5,2024-09-17
406,6,15,5,1,2024-07-18
407,61,16,6,2,2025-03-11
408,8,16,10,2,2024-12-19
409,3,2,2,5,2025-04-04
410,59,16,6,5,2025-01-26
411,96,3,10,2,2024-05-26
412,73,9,2,1,2024-08-06
413,62,18,1,3,2024-10-22
414,40,29,2,1,2024-08-12
415,91,33,4,4,2025-02-15
416,98,45,1,3,2024-11-13
417,64,18,1,5,2025-01-02
418,3,42,10,3,2024-07-02
419,53,21,4,1,2024-10-15
420,68,10,6,2,2024-05-11
421,37,37,2,1,2025-01-16
422,74,50,4,3,2024-10-28
423,35,17,5,1,2024-05-14
424,86,21,5,2,2024-07-25
425,25,31,9,2,2024-07-28
426,75,28,2,2,2024-05-24
427,31,41,2,4,2024-07-24
428,67,34,7,5,2025-04-07
429,100,48,9,2,2024-05-09
430,94,42,4,5,2024-11-13
431,36,29,6,2,2024-08-22
432,39,7,9,4,2024-06-10
433,52,7,10,2,2024-07-02
434,69,13,4,5,2024-12-30
435,49,17,2,1,2025-01-04
436,93,16,3,3,2024-10-31
437,97,11,8,5,2025-01-05
438,64,10,5,4,2024-05-28
439,4,11,5,2,2024-12-18
440,59,1,8,3,2024-11-02
441,28,43,7,2,2024-07-31
442,87,19,6,2,2025-02-25
443,96,15,8,3,2024-10-10
444,10,44,7,1,2024-11-24
445,14,1,7,4,2024-07-31
446,75,35,6,5,2025-01-02
447,41,8,7,3,2024-06-19
448,79,14,10,5,2025-02-01
449,52,47,10,3,2024-05-10
450,34,28,1,3,2025-03-13
451,70,35,2,1,2025-04-06
452,74,28,10,1,2024-11-29
453,57,3,5,4,2024-11-09
454,100,25,2,1,2024-06-02
455,34,20,9,3,2024-06-10
456,81,38,10,5,2024-10-24
457,84,29,2,4,2024-07-03
458,76,13,8,5,2024-10-20
459,45,47,4,3,2024-10-26
460,89,32,10,2,2024-12-20
461,15,45,2,5,2024-11-06
462,7,50,8,2,2024-04-18
463,55,34,4,2,2025-03-31
464,70,9,6,5,2024-06-05
465,62,38,7,4,2024-08-16
466,71,43,2,1,2024-07-05
467,27,24,9,5,2024-11-21
468,15,27,7,4,2025-03-06
469,97,50,2,5,2024-12-05
470,26,20,8,1,2024-07-11
471,42,7,5,1,2024-07-21
472,27,40,6,2,2024-06-21
473,63,25,5,4,2024-12-25
474,14,18,2,5,2024-10-01
475,69,4,10,3,2024-04-14
476,70,3,6,2,2025-01-03
477,24,43,6,3,2024-08-28
478,12,30,8,2,2024-09-02
479,78,32,5,1,2024-11-02
480,2,20,6,4,2024-05-01
481,68,48,10,1,2024-09-04
482,30,38,6,4,2024-06-09
483,47,47,1,3,2024-08-30
484,17,12,6,1,2024-05-22
485,43,13,4,5,2025-03-04
486,97,5,7,2,2025-03-28
487,55,48,7,4,2025-03-13
488,43,4,7,5,2024-06-30
489,90,29,10,2,2024-04-10
490,99,4,5,5,2024-11-09
491,30,2,5,1,2024-07-26
492,12,17,5,2,2024-04-24
493,75,45,8,5,2025-01-26
494,29,37,4,3,2025-03-05
495,76,47,2,1,2024-09-02
496,97,8,3,5,2024-04-21
497,38,31,8,1,2025-03-19
498,24,16,8,3,2024-12-02
499,36,35,6,3,2024-08-19
500,83,45,4,2,2024-07-23
501,7,50,3,1,2024-06-13
502,37,21,4,1,2024-10-27
503,46,42,9,1,2024-04-09
504,35,3,9,3,2024-04-30
505,56,26,5,4,2024-11-24
506,5,32,2,3,2025-03-31
507,96,47,7,4,2024-11-16
508,75,21,4,4,2024-05-09
509,10,4,3,5,2024-08-22
510,23,36,7,2,2024-08-16
511,4,38,6,5,2024-07-07
512,60,30,8,5,2025-02-19
513,65,32,9,1,2024-09-16
514,73,41,4,3,2025-01-11
515,30,22,6,1,2024-11-14
516,11,34,1,1,2024-12-31
517,44,23,1,3,2024-06-25
518,92,33,4,2,2024-08-08
519,5,3,4,2,2024-09-06
520,77,31,2,3,2024-07-22
521,37,3,6,1,2025-03-29
522,17,44,9,1,2024-09-21
523,43,48,9,1,2024-07-10
524,99,4,1,5,2024-10-07
525,26,28,9,3,2024-08-10
526,96,31,8,2,2024-05-04
527,74,28,6,1,2024-12-09
528,4,9,4,5,2024-11-21
529,15,16,7,2,2024-09-05
530,27,17,1,2,2024-07-10
531,84,9,6,2,2024-05-19
532,69,12,10,2,2024-11-24
533,45,39,10,1,2025-04-05
534,82,49,3,3,2025-02-25
535,29,7,1,5,2025-02-03
536,14,35,9,3,2024-07-22
537,50,24,1,4,2024-06-09
538,100,35,5,3,2024-07-12
539,83,1,3,4,2024-04-18
540,46,11,1,4,2025-01-28
541,77,18,8,3,2024-09-11
542,50,4,1,5,2024-12-26
543,29,18,3,5,2024-11-11
544,91,19,5,4,2024-09-18
545,8,36,5,4,2024-04-13
546,100,36,7,5,2025-01-28
547,67,26,6,4,2025-01-02
548,15,11,6,4,2024-07-03
549,67,5,1,4,2024-11-26
550,76,46,3,1,2025-02-25
551,100,21,1,2,2024-12-15
552,42,15,2,5,2025-03-24
553,1,41,4,4,2024-10-26
554,37,25,3,4,2024-05-12
555,79,35,1,2,2025-03-05
556,55,34,7,1,2025-02-23
557,11,33,10,3,2025-03-11
558,55,33,6,3,2024-10-29
559,73,5,5,1,2024-05-16
560,15,8,4,2,2024-06-16
561,42,37,4,1,2024-04-09
562,59,9,6,2,2024-08-30
563,82,39,1,5,2024-07-03
564,13,34,10,4,2024-10-29
565,79,31,6,4,2025-01-13
566,10,10,5,1,2024-06-25
567,9,4,9,5,2025-04-03
568,27,9,2,5,2024-10-14
569,90,41,6,2,2024-10-22
570,72,13,8,5,2024-07-12
571,65,37,9,4,2024-06-14
572,59,50,8,1,2024-09-02
573,46,47,6,3,2024-05-27
574,100,8,3,5,2024-12-24
575,74,31,2,1,2024-06-20
576,8,8,4,4,2024-07-12
577,55,44,1,4,2024-11-06
578,48,31,2,5,2025-03-13
579,24,7,1,3,2025-03-09
580,40,8,1,3,2024-04-16
581,99,34,4,1,2025-04-05
582,5,12,6,4,2024-07-09
583,43,44,2,4,2024-09-14
584,53,34,10,1,2025-03-27
585,47,49,8,3,2024-04-13
586,51,40,2,1,2024-07-25
587,91,50,4,1,2025-04-02
588,5,18,1,3,2024-07-05
589,63,19,3,1,2024-06-05
590,41,46,8,2,2024-07-08
591,22,22,3,3,2024-07-12
592,77,17,9,5,2024-05-25
593,19,34,8,1,2024-06-30
594,17,14,9,1,2025-03-13
595,27,20,1,1,2024-12-11
596,93,44,7,5,2025-03-24
597,15,3,6,1,2024-11-15
598,77,1,6,2,2024-05-26
599,31,23,7,4,2025-02-14
600,76,7,6,2,2025-01-01
601,12,16,10,2,2024-11-21
602,7,6,7,4,2025-01-11
603,79,7,10,1,2024-08-11
604,56,18,3,3,2024-08-09
605,52,41,2,2,2024-09-11
606,87,44,9,3,2024-11-01
607,29,40,4,4,2024-09-19
608,60,16,5,2,2024-09-21
609,12,29,8,5,2024-09-21
610,8,50,2,4,2024-04-28
611,70,40,4,5,2024-12-21
612,81,21,2,5,2024-07-07
613,11,18,1,3,2024-11-05
614,27,35,6,1,2024-08-17
615,34,21,5,4,2024-09-05
616,65,8,4,2,2024-12-02
617,80,23,4,1,2025-01-30
618,61,44,2,5,2024-04-19
619,23,46,7,4,2024-09-16
620,12,13,1,2,2025-01-23
621,9,19,1,3,2024-08-19
622,17,31,5,3,2024-10-02
623,21,10,8,1,2024-11-11
624,16,36,5,5,2024-11-10
625,91,5,10,3,2024-08-25
626,53,33,8,5,2024-08-25
627,9,26,8,2,2024-09-25
628,66,29,8,1,2024-07-04
629,33,1,9,5,2024-12-27
630,46,37,5,2,2024-10-07
631,41,49,3,3,2024-06-17
632,72,37,9,2,2025-02-15
633,95,18,10,4,2024-07-30
634,95,28,6,3,2024-11-19
635,99,42,1,3,2025-03-25
636,48,37,9,5,2024-07-29
637,94,26,9,2,2024-10-13
638,92,20,5,5,2025-03-02
639,100,47,6,3,2024-10-16
640,30,31,3,4,2024-04-17
641,67,3,8,3,2024-10-14
642,70,10,3,5,2024-10-25
643,96,26,2,2,2024-07-15
644,28,44,3,1,2025-01-25
645,86,7,4,2,2024-04-10
646,5,48,10,3,2024-04-18
647,22,8,10,3,2025-03-26
648,95,12,4,1,2025-01-27
649,59,21,7,3,2024-08-11
650,75,39,1,5,2024-10-07
651,35,34,8,1,2024-07-08
652,3,46,9,3,2024-11-17
653,78,37,10,5,2024-05-17
654,79,7,5,3,2025-01-29
655,61,25,8,1,2024-05-09
656,59,39,9,2,2025-02-27
657,54,46,5,1,2024-06-13
658,86,1,8,2,2025-01-09
659,62,9,7,1,2024-09-03
660,87,22,5,1,2024-07-17
661,59,42,10,1,2025-04-03
662,13,13,8,3,2024-04-25
663,72,8,2,3,2024-06-14
664,23,38,4,2,2024-12-24
665,36,9,6,1,2024-08-14
666,81,28,5,2,2024-05-12
667,83,47,2,3,2024-10-06
668,90,5,8,3,2025-01-19
669,1,4,5,5,2024-12-02
670,9,5,5,4,2024-06-25
671,14,16,8,5,2024-11-10
672,6,43,2,5,2024-04-18
673,72,42,9,1,2024-06-21
674,9,29,1,4,2024-11-08
675,15,30,4,5,2025-03-16
676,94,15,6,4,2024-07-27
677,85,48,6,5,2024-10-03
678,95,20,2,4,2025-04-06
679,45,21,1,4,2024-10-20
680,61,37,4,3,2024-12-10
681,57,13,9,2,2024-05-27
682,5,45,3,3,2024-07-10
683,29,2,9,2,2024-11-30
684,23,48,5,5,2024-04-20
685,35,16,3,4,2024-11-04
686,75,1,5,4,2025-01-02
687,40,34,5,4,2024-05-03
688,97,49,8,2,2024-04-22
689,73,47,1,5,2024-12-14
690,76,14,9,4,2024-09-12
691,17,47,8,1,2024-11-07
692,62,33,4,1,2024-05-26
693,1,6,3,1,2024-12-08
694,90,34,6,4,2024-08-19
695,92,36,7,4,2024-06-11
696,55,5,6,1,2024-05-02
697,68,25,9,2,2024-04-20
698,98,48,3,1,2025-01-10
699,54,28,10,2,2025-01-29
700,15,17,1,5,2024-12-03
701,20,37,5,5,2024-09-05
702,27,1,2,1,2024-04-12
703,94,22,2,4,2025-01-14
704,70,7,8,5,2024-06-22
705,71,14,4,5,2025-02-24
706,91,20,3,4,2024-07-07
707,100,33,4,5,2024-11-17
708,35,3,3,4,2025-02-24
709,3,29,1,1,2024-07-06
710,80,27,6,1,2024-12-03
711,1,43,6,1,2024-04-14
712,77,49,5,1,2024-10-15
713,93,24,6,3,2025-01-16
714,37,5,3,5,2024-11-19
715,15,40,6,2,2025-01-05
716,9,27,10,3,2024-05-20
717,90,1,9,5,2024-11-20
718,60,39,1,2,2024-12-25
719,96,9,1,3,2024-09-28
720,35,15,9,5,2024-11-18
721,55,28,4,4,2024-10-01
722,85,5,10,2,2025-02-04
723,47,46,4,3,2025-02-06
724,36,5,8,4,2024-10-14
725,92,41,7,3,2024-11-15
726,91,44,9,3,2024-09-17
727,41,44,5,3,2024-09-01
728,18,9,1,2,2024-09-08
729,80,21,1,3,2024-07-19
730,46,7,8,1,2024-05-14
731,98,40,4,1,2024-06-13
732,64,21,1,2,2025-01-02
733,36,46,1,2,2024-12-29
734,56,37,3,1,2024-04-15
735,41,46,1,1,2024-11-22
736,11,8,8,2,2024-09-10
737,19,27,10,2,2025-02-14
738,43,42,1,2,2024-04-21
739,97,29,3,2,2025-02-27
740,50,21,4,2,2025-02-11
741,77,25,8,2,2024-06-16
742,22,38,7,2,2024-07-02
743,76,11,10,1,2024-07-09
744,25,14,5,5,2024-10-14
745,46,49,6,5,2024-08-24
746,41,30,10,2,2025-02-28
747,76,25,2,4,2025-03-07
748,6,5,7,3,2024-06-14
749,29,9,10,1,2025-03-28
750,13,23,5,5,2024-07-12
751,61,42,3,3,2024-10-13
752,22,18,3,1,2024-11-30
753,86,20,3,3,2024-08-16
754,28,29,5,5,2024-04-18
755,34,33,9,2,2024-12-07
756,40,10,2,1,2024-09-24
757,39,37,3,3,2024-08-08
758,65,20,2,1,2025-03-16
759,1,12,6,3,2025-02-13
760,100,30,6,4,2024-09-30
761,60,46,7,2,2024-04-23
762,28,17,8,5,2024-07-27
763,80,1,2,4,2024-06-27
764,51,15,9,3,2025-01-25
765,24,39,8,3,2024-06-25
766,11,27,2,3,2024-08-19
767,94,34,7,3,2024-12-30
768,46,41,1,4,2024-06-30
769,24,43,7,5,2025-02-23
770,50,29,2,5,2024-04-12
771,14,48,7,5,2024-10-13
772,31,9,4,1,2024-11-03
773,36,45,7,2,2024-10-05
774,54,26,1,2,2024-10-03
775,32,13,4,2,2024-12-03
776,3,25,2,4,2024-12-01
777,9,38,1,1,2024-04-20
778,4,32,5,5,2025-03-29
779,48,28,1,3,2024-04-17
780,49,5,6,2,2024-08-20
781,83,45,10,5,2025-03-02
782,24,14,4,4,2024-11-28
783,96,6,5,5,2025-01-28
784,7,38,4,4,2024-08-07
785,66,42,10,5,2024-04-24
786,38,19,7,3,2024-07-19
787,33,35,10,5,2025-01-06
788,93,31,8,4,2025-01-30
789,51,2,2,2,2024-08-15
790,73,13,3,1,2024-10-08
791,76,12,2,2,2024-09-14
792,25,29,4,4,2024-11-15
793,3,48,9,3,2025-03-23
794,13,25,3,4,2024-07-23
795,87,48,3,1,2025-01-04
796,67,16,4,1,2024-10-01
797,81,2,9,2,2025-02-19
798,3,27,3,2,2024-12-15
799,97,21,8,3,2024-08-07
800,75,2,8,5,2025-03-04
801,64,16,7,5,2024-11-16
802,67,19,2,4,2025-02-15
803,90,46,5,5,2024-06-06
804,8,50,2,4,2025-02-22
805,53,50,8,4,2024-09-24
806,70,22,8,3,2025-01-30
807,68,49,4,4,2024-09-11
808,100,38,5,1,2024-07-28
809,95,37,4,3,2024-09-22
810,3,30,4,3,2024-07-22
811,18,19,8,1,2025-01-19
812,99,13,9,1,2025-03-08
813,48,8,6,4,2025-03-17
814,30,7,1,3,2024-12-31
815,74,29,7,4,2025-02-18
816,37,10,6,1,2024-05-18
817,62,11,9,5,2024-10-29
818,3,12,8,5,2024-07-19
819,87,18,9,5,2024-11-16
820,19,41,5,4,2025-04-08
821,73,18,2,2,2024-05-23
822,90,20,8,3,2024-05-25
823,63,44,2,5,2025-04-04
824,47,34,5,5,2024-08-23
825,72,24,10,3,2025-02-22
826,76,13,8,1,2024-05-21
827,41,15,10,3,2024-05-28
828,64,35,2,2,2024-06-30
829,60,10,1,4,2024-12-29
830,60,38,2,2,2024-05-30
831,17,46,9,2,2024-07-11
832,85,15,8,5,2025-03-21
833,35,30,4,2,2025-01-12
834,46,49,5,1,2025-03-13
835,72,24,3,4,2024-11-08
836,40,7,8,2,2024-05-07
837,68,3,8,2,2024-06-09
838,33,18,3,1,2025-04-08
839,72,14,3,2,2025-02-08
840,46,37,6,1,2024-08-29
841,56,7,7,4,2024-08-10
842,73,17,5,2,2025-02-21
843,69,46,9,2,2024-04-22
844,50,48,4,3,2024-08-02
845,85,33,8,5,2025-02-09
846,85,21,2,5,2024-05-18
847,77,28,2,3,2024-11-27
848,27,36,8,5,2024-11-17
849,90,32,8,1,2024-11-15
850,55,48,5,5,2024-10-24
851,79,18,8,4,2025-02-07
852,93,10,6,1,2024-05-31
853,35,28,8,1,2024-10-11
854,25,7,5,3,2025-04-05
855,53,11,3,1,2024-10-09
856,91,50,6,2,2024-08-23
857,66,26,4,3,2025-03-07
858,94,36,4,5,2024-12-05
859,24,22,10,3,2024-05-25
860,78,7,7,1,2024-05-22
861,17,40,10,4,2024-11-16
862,30,11,8,5,2024-11-03
863,85,42,9,2,2024-12-27
864,32,36,9,5,2025-02-22
865,1,23,2,3,2025-01-06
866,48,31,8,1,2025-01-21
867,88,30,6,1,2024-05-14
868,2,45,10,4,2024-09-19
869,6,40,7,4,2024-07-30
870,99,10,8,3,2024-08-04
871,42,41,5,2,2025-03-01
872,11,3,6,3,2025-03-26
873,36,23,4,5,2024-11-12
874,46,30,9,3,2024-04-24
875,31,44,2,2,2025-02-24
876,51,25,5,4,2024-10-09
877,80,39,7,3,2024-04-09
878,44,33,1,3,2025-03-01
879,8,34,5,4,2024-12-07
880,99,27,7,3,2024-08-19
881,93,17,2,4,2025-01-16
882,19,33,4,4,2024-11-09
883,70,35,10,3,2025-03-23
884,96,43,2,3,2024-12-28
885,96,36,9,4,2024-05-25
886,44,40,6,2,2025-01-12
887,21,46,7,5,2024-09-30
888,99,30,3,3,2024-08-11
889,3,37,9,4,2024-09-16
890,24,47,3,5,2025-02-20
891,99,49,1,1,2024-05-03
892,16,50,6,5,2025-03-22
893,30,8,4,3,2024-12-13
894,80,30,7,3,2025-03-24
895,98,20,5,1,2025-03-22
896,44,28,1,1,2024-10-21
897,69,40,6,1,2024-10-17
898,80,27,3,5,2024-05-30
899,69,20,9,3,2025-03-09
900,99,8,2,3,2025-04-08
901,25,15,9,4,2024-08-03
902,37,18,7,2,2025-03-22
903,89,50,2,2,2024-07-07
904,12,40,8,3,2024-08-23
905,39,37,7,3,2025-02-12
906,9,28,6,4,2024-07-12
907,63,24,3,1,2025-03-12
908,56,4,5,2,2024-07-22
909,47,41,1,3,2024-12-13
910,19,46,5,3,2024-07-17
911,25,16,5,5,2024-07-12
912,59,31,3,4,2024-08-24
913,60,49,2,3,2024-09-01
914,41,1,4,4,2024-10-03
915,98,1,2,1,2024-05-14
916,89,36,10,4,2024-11-25
917,5,16,4,2,2024-06-29
918,54,14,9,5,2025-01-10
919,32,25,6,2,2024-06-19
920,94,40,10,5,2024-05-08
921,70,4,9,2,2024-05-18
922,45,26,2,5,2024-11-12
923,84,33,9,4,2024-10-17
924,25,49,9,4,2024-11-04
925,64,39,10,5,2024-04-24
926,93,25,1,3,2025-02-06
927,31,44,6,4,2024-11-15
928,80,42,9,1,2024-12-19
929,67,27,8,1,2025-03-29
930,100,34,2,5,2024-06-02
931,38,18,8,2,2025-01-10
932,79,3,8,3,2025-02-14
933,98,39,2,1,2025-03-04
934,62,43,1,3,2024-07-01
935,18,39,3,4,2025-03-16
936,66,31,1,5,2025-01-02
937,74,41,5,1,2024-05-15
938,55,14,2,2,2025-01-15
939,17,9,9,2,2024-07-12
940,8,8,7,5,2024-12-16
941,48,18,3,1,2024-08-05
942,62,13,9,3,2025-01-15
943,21,21,4,2,2024-07-29
944,98,44,4,3,2024-09-29
945,56,43,3,3,2024-11-11
946,92,42,7,2,2024-06-06
947,88,33,8,4,2025-03-31
948,43,23,1,2,2024-11-14
949,11,14,6,2,2024-10-13
950,37,3,1,5,2024-06-21
951,52,5,5,1,2025-01-20
952,25,1,10,1,2025-03-01
953,29,50,2,1,2024-09-23
954,93,13,7,2,2024-04-10
955,4,1,10,5,2024-10-24
956,99,31,3,5,2024-11-23
957,6,31,2,1,2024-06-25
958,12,5,3,3,2024-05-12
959,61,39,9,1,2024-07-19
960,49,50,3,2,2024-05-08
961,95,22,4,1,2024-06-05
962,21,1,5,5,2025-03-27
963,72,2,6,4,2024-05-11
964,22,29,6,3,2025-02-22
965,5,30,5,4,2024-06-16
966,10,10,8,1,2024-12-10
967,84,31,7,1,2024-06-14
968,7,7,7,3,2024-08-04
969,72,16,3,4,2025-03-12
970,42,17,4,3,2024-05-14
971,67,38,5,1,2024-04-15
972,39,19,2,2,2024-09-19
973,64,49,9,2,2024-05-06
974,79,30,9,1,2024-06-26
975,13,6,4,4,2024-12-18
976,78,7,10,3,2024-11-29
977,100,24,4,4,2024-11-19
978,33,26,3,2,2024-05-10
979,95,35,8,2,2024-08-21
980,38,39,8,1,2024-11-29
981,78,45,5,2,2024-09-30
982,47,8,4,5,2024-08-08
983,24,40,3,4,2024-10-25
984,89,49,5,4,2025-03-29
985,2,3,2,4,2024-12-15
986,70,32,10,5,2025-03-24
987,1,23,6,4,2024-08-29
988,43,5,3,2,2024-04-26
989,74,40,7,5,2024-04-23
990,59,24,4,3,2024-06-06
991,50,28,5,3,2024-07-20
992,72,39,4,2,2024-12-04
993,8,45,7,2,2024-06-06
994,11,25,10,1,2025-03-17
995,65,1,1,4,2024-05-07
996,14,34,8,3,2024-07-03
997,16,7,4,5,2024-09-02
998,28,22,5,2,2024-04-29
999,49,16,9,3,2024-08-14
1000,55,35,10,3,2024-09-10
1001,77,49,8,1,2024-12-17
1002,29,29,1,4,2024-06-19
1003,16,49,6,2,2024-10-30
1004,61,9,4,5,2025-03-09
1005,53,4,7,3,2025-03-21
1006,59,5,1,4,2024-07-19
1007,79,24,3,1,2025-01-24
1008,95,40,1,5,2024-12-11
1009,78,26,5,2,2024-08-13
1010,37,2,7,2,2025-02-02
1011,14,32,5,5,2024-09-22
1012,47,4,10,3,2024-11-07
1013,11,26,6,2,2025-03-16
1014,99,32,10,1,2024-09-07
1015,93,20,2,4,2025-01-10
1016,54,31,4,1,2024-10-13
1017,88,33,3,5,2025-02-24
1018,19,26,4,4,2024-10-02
1019,30,18,6,1,2024-10-03
1020,5,14,7,5,2024-11-20
1021,54,20,5,2,2024-09-22
1022,45,44,7,5,2025-02-16
1023,11,2,5,2,2024-05-10
1024,17,36,7,3,2024-05-31
1025,82,28,3,4,2024-09-19
1026,32,1,4,5,2024-11-23
1027,10,39,2,5,2024-05-29
1028,41,17,10,1,2025-02-16
1029,90,26,4,3,2024-08-05
1030,39,31,4,5,2024-04-26
1031,34,48,7,2,2024-04-24
1032,31,33,1,5,2025-01-16
1033,51,10,5,4,2024-10-14
1034,90,6,9,2,2024-04-29
1035,13,40,4,5,2024-10-13
1036,87,34,2,4,2024-04-20
1037,33,49,3,2,2025-02-10
1038,62,15,9,4,2024-05-03
1039,37,23,10,1,2024-06-12
1040,27,29,9,2,2024-08-28
1041,65,40,8,3,2024-11-16
1042,94,46,2,5,2024-09-25
1043,2,2,1,1,2024-11-18
1044,22,15,3,5,2024-05-26
1045,11,35,10,3,2024-12-17
1046,39,24,3,5,2024-08-12
1047,95,24,5,3,2025-01-02
1048,65,48,4,4,2024-08-12
1049,8,36,9,2,2025-01-10
1050,34,25,2,5,2024-09-04
1051,16,8,1,2,2024-05-25
1052,88,38,1,5,2024-07-31
1053,87,13,7,3,2024-07-30
1054,81,11,6,5,2024-12-31
1055,6,46,5,2,2024-11-14
1056,29,16,10,1,2025-01-07
1057,52,10,2,5,2025-01-13
1058,44,23,8,3,2025-03-31
1059,91,46,6,5,2024-12-15
1060,24,16,3,2,2024-10-01
1061,40,43,2,2,2025-04-07
1062,58,9,5,4,2024-08-24
1063,19,16,7,4,2024-12-31
1064,60,40,5,4,2024-08-13
1065,35,42,8,2,2024-12-31
1066,10,16,4,2,2024-04-14
1067,65,5,2,5,2024-07-21
1068,45,23,9,1,2024-10-10
1069,100,12,5,5,2024-10-22
1070,34,14,10,1,2024-04-29
1071,49,45,7,5,2024-04-27
1072,26,28,1,2,2025-02-17
1073,53,49,10,1,2024-12-12
1074,19,23,5,4,2024-12-14
1075,63,1,3,3,2024-05-10
1076,46,46,3,3,2024-05-17
1077,86,34,8,5,2024-06-28
1078,16,10,10,5,2025-03-16
1079,88,42,8,4,2024-07-26
1080,76,38,7,1,2025-02-20
1081,88,6,3,3,2024-08-16
1082,63,17,7,5,2024-06-09
1083,42,15,3,3,2025-01-18
1084,46,45,6,2,2025-02-05
1085,98,7,9,3,2024-11-07
1086,88,10,7,1,2025-02-11
1087,85,22,6,3,2024-07-27
1088,23,30,9,2,2025-01-12
1089,89,31,4,4,2024-05-17
1090,62,20,2,2,2024-08-10
1091,72,2,1,4,2025-02-21
1092,20,24,7,3,2025-02-12
1093,74,27,5,4,2024-05-07
1094,90,17,7,5,2024-06-06
1095,89,26,7,5,2024-09-06
1096,89,41,5,4,2024-07-12
1097,7,38,5,2,2024-09-24
1098,17,19,5,4,2024-05-09
1099,88,17,10,3,2025-02-19
1100,59,14,6,2,2024-12-15
1101,85,2,8,1,2025-01-03
1102,48,37,3,4,2025-03-15
1103,46,46,5,5,2024-08-20
1104,49,5,4,5,2025-02-10
1105,35,24,1,5,2025-02-07
1106,57,48,1,2,2025-02-21
1107,32,27,8,4,2024-05-18
1108,86,33,1,1,2025-03-31
1109,29,30,6,1,2024-08-05
1110,79,24,1,4,2025-03-27
1111,91,48,10,1,2024-04-13
1112,33,49,3,4,2024-05-31
1113,8,12,8,4,2024-12-30
1114,22,16,8,2,2024-04-27
1115,47,11,2,4,2024-09-14
1116,95,26,10,1,2025-02-13
1117,39,2,1,4,2025-02-18
1118,76,32,3,1,2025-04-07
1119,81,17,4,3,2025-01-10
1120,2,13,4,1,2024-05-29
1121,88,31,2,2,2025-01-03
1122,96,8,6,4,2024-10-09
1123,74,42,5,3,2024-12-31
1124,77,2,4,1,2024-12-13
1125,44,33,9,2,2024-04-24
1126,14,42,3,4,2024-05-28
1127,55,50,10,5,2024-12-09
1128,32,26,6,3,2025-03-15
1129,100,42,6,3,2024-10-08
1130,37,33,4,2,2025-03-29
1131,8,17,7,2,2024-12-02
1132,1,3,3,5,2025-03-26
1133,32,39,5,2,2025-01-05
1134,50,9,9,2,2025-03-17
1135,84,21,8,4,2025-02-27
1136,71,14,1,1,2024-06-14
1137,34,2,9,3,2024-07-27
1138,23,9,2,4,2025-02-03
1139,31,22,4,5,2024-11-18
1140,44,26,1,2,2025-03-26
1141,53,42,2,4,2024-06-22
1142,75,28,3,4,2024-08-21
1143,46,11,10,2,2025-02-10
1144,62,31,6,2,2025-02-23
1145,82,26,9,1,2024-06-01
1146,13,19,1,1,2025-02-20
1147,52,27,10,5,2024-10-10
1148,37,44,7,4,2024-08-17
1149,72,45,4,1,2025-03-22
1150,87,28,3,1,2025-02-19
1151,56,2,9,4,2024-07-25
1152,88,33,8,3,2025-03-09
1153,41,36,8,1,2024-09-18
1154,35,12,7,3,2024-06-03
1155,6,18,3,1,2024-07-20
1156,31,26,9,3,2025-02-24
1157,11,22,8,4,2024-11-10
1158,1,1,8,3,2024-05-21
1159,59,6,7,2,2025-02-01
1160,92,35,4,3,2024-11-03
1161,37,18,8,3,2025-03-15
1162,53,39,7,4,2025-03-14
1163,77,31,10,4,2024-06-10
1164,41,40,6,5,2024-06-21
1165,62,21,2,4,2025-02-10
1166,8,8,1,4,2024-04-22
1167,31,16,4,3,2024-07-21
1168,79,48,2,5,2024-07-12
1169,98,25,5,4,2024-12-11
1170,78,10,8,3,2024-10-13
1171,13,27,3,5,2024-07-06
1172,23,7,7,2,2024-11-16
1173,64,12,9,3,2024-12-21
1174,87,24,4,1,2024-04-25
1175,93,41,8,1,2024-11-05
1176,32,29,8,1,2024-04-21
1177,28,3,10,3,2025-01-10
1178,11,7,4,1,2024-06-28
1179,77,29,4,1,2025-01-21
1180,92,38,6,2,2025-02-27
1181,89,32,6,2,2025-01-28
1182,96,20,1,3,2024-08-02
1183,7,12,1,5,2025-03-04
1184,68,26,4,3,2024-10-30
1185,77,1,1,4,2024-09-02
1186,96,43,2,1,2025-03-15
1187,37,6,2,2,2024-11-04
1188,6,29,2,3,2024-09-24
1189,61,26,6,1,2024-12-16
1190,45,35,3,3,2024-08-22
1191,26,15,8,4,2024-10-09
1192,40,50,5,1,2025-01-11
1193,29,3,2,5,2025-02-07
1194,67,26,4,2,2025-02-26
1195,26,5,4,4,2025-02-08
1196,65,41,5,3,2024-11-10
1197,57,41,1,3,2024-05-10
1198,36,16,3,2,2024-11-28
1199,27,8,4,1,2025-01-28
1200,36,28,9,2,2024-12-08
1201,36,14,5,3,2024-09-13
1202,14,9,7,3,2024-12-28
1203,61,30,2,2,2024-12-31
1204,52,50,3,2,2024-05-02
1205,65,13,8,3,2024-04-17
1206,30,30,4,4,2024-08-30
1207,50,36,9,5,2024-07-22
1208,18,35,10,2,2024-09-06
1209,76,35,8,5,2024-05-23
1210,25,42,1,5,2024-11-25
1211,17,42,4,1,2024-08-07
1212,44,31,3,5,2024-11-01
1213,64,36,7,3,2024-12-21
1214,15,4,9,4,2024-05-24
1215,97,46,2,5,2025-01-30
1216,54,25,3,2,2025-04-02
1217,97,32,2,1,2024-08-08
1218,28,8,4,1,2024-09-28
1219,51,28,7,2,2025-02-12
1220,11,18,3,3,2024-06-14
1221,18,49,2,5,2024-06-22
1222,84,41,6,3,2025-01-13
1223,5,14,7,5,2024-12-27
1224,15,37,9,4,2024-12-28
1225,75,50,9,4,2025-03-09
1226,97,3,10,2,2024-07-18
1227,93,40,1,3,2024-07-01
1228,28,11,10,5,2024-05-12
1229,72,25,9,4,2024-08-19
1230,60,1,10,5,2024-05-10
1231,62,35,3,4,2024-12-26
1232,86,50,9,1,2024-08-27
1233,86,22,2,2,2024-05-24
1234,11,5,10,2,2024-04-24
1235,35,11,1,5,2024-11-14
1236,15,12,3,5,2024-10-16
1237,22,34,9,4,2024-05-12
1238,9,14,5,1,2024-09-06
1239,24,11,2,5,2024-11-27
1240,80,41,9,2,2024-04-23
1241,34,20,9,1,2024-11-23
1242,14,43,3,4,2024-09-30
1243,49,37,7,5,2024-10-14
1244,48,11,3,4,2024-10-05
1245,17,35,5,4,2024-11-07
1246,64,44,10,3,2024-07-23
1247,28,36,5,1,2024-08-30
1248,54,17,9,2,2024-11-25
1249,62,40,4,3,2024-11-09
1250,88,21,4,1,2024-05-30
1251,91,31,3,5,2024-09-16
1252,16,2,1,1,2025-02-25
1253,60,40,6,3,2024-12-23
1254,28,13,6,4,2024-09-24
1255,10,19,1,5,2025-02-14
1256,94,12,9,2,2024-06-18
1257,47,31,6,2,2024-09-10
1258,21,7,9,4,2024-08-24
1259,97,12,5,2,2025-01-05
1260,98,13,2,4,2024-09-28
1261,46,45,3,5,2024-05-24
1262,58,1,9,1,2024-08-18
1263,97,23,10,4,2024-09-14
1264,54,16,5,2,2025-02-15
1265,23,37,8,1,2025-03-15
1266,68,37,8,2,2025-01-26
1267,73,35,7,4,2025-03-20
1268,4,13,5,4,2024-09-04
1269,23,24,8,2,2024-06-11
1270,56,9,6,2,2024-12-26
1271,56,34,3,4,2024-09-12
1272,71,27,9,5,2024-05-05
1273,26,8,8,2,2024-12-26
1274,24,21,3,4,2024-04-23
1275,24,2,8,4,2024-04-22
1276,60,46,7,2,2024-12-29
1277,43,24,5,5,2024-07-25
1278,17,37,4,2,2025-02-19
1279,69,26,1,4,2025-02-25
1280,73,1,4,3,2025-03-02
1281,100,41,3,4,2024-10-30
1282,11,5,9,2,2024-09-08
1283,69,40,10,5,2024-07-11
1284,49,24,8,5,2025-03-19
1285,56,16,10,1,2025-03-02
1286,72,6,7,4,2024-09-29
1287,100,6,3,4,2024-10-10
1288,89,5,4,1,2024-05-05
1289,78,36,2,1,2024-09-25
1290,62,49,1,1,2024-10-10
1291,36,36,1,4,2024-12-06
1292,21,5,5,1,2024-04-15
1293,84,49,6,4,2024-08-07
1294,91,41,2,5,2024-06-26
1295,84,8,2,2,2025-03-29
1296,39,22,8,1,2025-02-22
1297,3,11,3,1,2025-02-09
1298,48,16,4,1,2025-03-12
1299,99,33,5,4,2024-04-30
1300,5,48,6,3,2024-08-08
1301,37,23,3,2,2024-10-11
1302,70,14,4,3,2024-04-16
1303,61,25,7,1,2024-05-04
1304,24,17,7,1,2024-07-17
1305,20,30,1,3,2025-01-25
1306,15,2,9,4,2024-07-22
1307,66,7,8,3,2024-05-04
1308,87,25,3,1,2024-04-20
1309,30,49,8,3,2024-06-14
1310,56,25,7,4,2025-04-01
1311,94,17,3,4,2024-06-09
1312,2,50,8,1,2025-03-11
1313,47,18,6,2,2024-08-09
1314,42,34,3,4,2025-03-13
1315,12,12,5,4,2024-12-21
1316,56,47,10,4,2024-05-06
1317,35,20,9,4,2024-11-01
1318,72,8,10,4,2024-08-08
1319,92,8,2,4,2024-05-15
1320,31,41,9,3,2024-06-23
1321,42,35,9,5,2024-07-02
1322,18,5,6,3,2025-01-27
1323,36,37,10,4,2025-02-13
1324,95,10,2,4,2024-08-28
1325,38,31,8,1,2025-01-07
1326,6,31,5,1,2024-07-05
1327,77,42,6,1,2024-12-11
1328,83,28,8,1,2024-09-14
1329,79,4,4,5,2024-08-05
1330,26,23,9,4,2024-11-07
1331,88,25,5,1,2024-12-01
1332,30,7,2,2,2024-05-13
1333,34,4,9,4,2024-07-12
1334,9,25,8,5,2024-09-25
1335,39,20,3,2,2024-06-09
1336,68,10,3,1,2025-03-19
1337,51,28,5,3,2024-07-08
1338,26,23,10,5,2024-12-01
1339,64,17,1,1,2025-01-20
1340,57,48,5,4,2025-02-16
1341,28,26,8,1,2024-11-12
1342,56,2,3,5,2025-02-15
1343,11,37,3,3,2024-06-14
1344,9,24,10,5,2024-08-24
1345,6,29,6,1,2024-06-27
1346,17,3,9,1,2024-11-10
1347,70,44,4,5,2024-05-18
1348,66,25,8,4,2024-11-08
1349,48,18,8,1,2024-08-08
1350,5,40,8,3,2025-03-02
1351,25,2,4,5,2025-01-16
1352,11,49,7,4,2024-11-12
1353,12,12,8,1,2024-05-05
1354,34,34,8,2,2024-06-11
1355,83,37,5,5,2025-02-08
1356,71,23,3,1,2024-12-24
1357,66,25,10,2,2025-03-16
1358,18,2,6,3,2024-09-30
1359,81,5,2,5,2024-05-08
1360,94,45,6,1,2024-08-18
1361,23,15,6,5,2024-04-29
1362,3,45,10,3,2024-05-28
1363,98,5,1,5,2025-04-06
1364,100,42,6,2,2025-03-31
1365,11,19,3,4,2024-04-20
1366,89,14,2,3,2024-07-30
1367,10,27,10,5,2024-12-11
1368,11,45,10,4,2024-10-28
1369,59,17,3,2,2025-03-07
1370,26,4,4,4,2024-12-03
1371,79,25,10,2,2024-06-24
1372,8,45,10,1,2024-07-05
1373,61,36,9,3,2024-05-08
1374,93,20,10,5,2024-12-25
1375,92,18,2,3,2024-05-22
1376,44,8,9,2,2025-03-25
1377,61,21,1,5,2025-01-28
1378,62,4,7,5,2024-12-18
1379,61,31,6,5,2024-10-11
1380,11,42,9,4,2024-04-25
1381,75,4,2,5,2024-07-18
1382,18,28,8,4,2024-10-18
1383,62,9,7,4,2024-10-30
1384,59,7,10,3,2024-12-09
1385,60,46,2,1,2024-10-21
1386,70,27,3,2,2025-01-09
1387,8,40,5,5,2025-01-15
1388,88,5,9,5,2024-12-19
1389,76,46,1,2,2024-08-23
1390,89,43,9,5,2024-09-18
1391,45,42,2,4,2024-04-24
1392,11,23,3,3,2025-01-24
1393,15,12,4,2,2024-11-17
1394,13,41,2,2,2024-10-10
1395,77,18,3,1,2025-03-11
1396,70,47,10,4,2024-10-23
1397,74,20,7,1,2024-09-28
1398,73,42,10,1,2025-01-19
1399,94,23,1,5,2024-11-25
1400,54,39,10,5,2024-10-05
1401,1,23,6,1,2025-01-19
1402,5,32,2,2,2025-03-13
1403,23,7,2,2,2024-07-04
1404,38,15,2,2,2024-11-22
1405,31,37,6,4,2024-04-25
1406,93,33,1,5,2024-08-17
1407,80,20,8,5,2024-09-24
1408,96,14,2,3,2024-11-04
1409,94,24,2,3,2024-04-29
1410,98,18,7,4,2024-12-09
1411,20,50,9,4,2024-08-15
1412,3,44,7,5,2025-03-18
1413,32,2,10,2,2024-10-18
1414,56,15,8,4,2025-01-13
1415,98,22,6,5,2025-02-19
1416,11,35,4,1,2025-03-26
1417,46,2,3,1,2024-07-25
1418,11,45,6,5,2024-10-24
1419,68,50,2,4,2024-09-17
1420,17,48,3,5,2024-04-08
1421,48,49,2,1,2024-08-13
1422,37,8,3,2,2024-09-05
1423,43,31,10,2,2024-11-02
1424,25,8,9,2,2025-04-08
1425,92,46,4,4,2025-02-04
1426,36,9,5,5,2024-12-04
1427,44,25,9,4,2024-09-04
1428,72,5,10,2,2025-03-18
1429,38,33,4,1,2024-10-26
1430,20,21,9,1,2024-09-06
1431,44,23,5,1,2024-09-05
1432,81,9,10,2,2024-08-19
1433,84,6,5,5,2024-06-11
1434,27,45,8,2,2025-03-27
1435,84,42,4,2,2024-07-11
1436,26,12,4,3,2025-03-16
1437,95,40,10,5,2024-07-09
1438,53,19,5,1,2025-03-13
1439,32,8,1,4,2025-01-16
1440,92,26,10,2,2025-02-20
1441,63,36,2,3,2024-11-10
1442,74,29,10,5,2024-10-18
1443,98,42,2,2,2024-12-22
1444,53,13,6,4,2025-01-06
1445,71,34,3,4,2025-03-14
1446,14,3,6,1,2024-07-17
1447,50,48,1,4,2024-05-04
1448,1,20,6,4,2024-11-27
1449,70,18,7,1,2024-12-16
1450,56,16,9,3,2025-01-10
1451,21,47,10,1,2024-12-05
1452,83,10,6,1,2025-03-16
1453,45,13,3,5,2024-12-30
1454,66,24,6,5,2024-04-22
1455,54,48,2,3,2024-05-12
1456,46,31,6,1,2024-12-17
1457,88,1,5,1,2024-08-18
1458,32,4,7,1,2025-01-01
1459,91,14,10,2,2025-01-29
1460,89,9,5,3,2024-12-16
1461,25,16,6,2,2025-01-03
1462,10,32,8,3,2024-06-09
1463,97,10,3,1,2024-05-29
1464,70,48,5,4,2025-02-16
1465,80,13,4,4,2024-11-16
1466,47,2,4,5,2024-12-08
1467,22,7,8,3,2024-04-23
1468,22,20,1,2,2025-01-21
1469,36,36,8,2,2024-08-08
1470,47,27,1,5,2025-02-18
1471,90,12,8,5,2025-01-21
1472,35,13,2,4,2025-03-08
1473,9,15,10,5,2025-03-01
1474,55,39,9,3,2024-11-18
1475,100,13,1,1,2024-11-08
1476,39,22,9,1,2024-06-18
1477,79,1,4,2,2025-02-25
1478,72,37,8,1,2025-02-20
1479,79,31,4,5,2024-08-29
1480,82,37,3,4,2024-08-10
1481,65,17,8,3,2025-03-27
1482,32,19,10,4,2025-02-07
1483,76,30,4,3,2025-03-22
1484,44,42,2,4,2024-06-09
1485,39,22,5,3,2024-11-10
1486,54,13,3,3,2024-06-07
1487,27,26,8,5,2024-08-17
1488,82,4,9,5,2024-05-09
1489,63,7,1,5,2024-08-29
1490,16,8,6,3,2024-12-11
1491,67,37,4,4,2024-10-19
1492,29,49,10,2,2024-06-04
1493,97,23,6,4,2025-03-19
1494,98,31,5,4,2025-01-29
1495,100,29,5,3,2025-01-25
1496,80,31,2,2,2024-08-05
1497,98,17,10,2,2024-06-18
1498,79,29,2,4,2024-09-28
1499,75,38,9,1,2024-11-08
1500,67,46,2,4,2024-11-27
1501,93,18,8,4,2025-03-02
1502,25,46,2,1,2024-08-03
1503,100,27,1,1,2024-04-12
1504,31,25,10,4,2025-03-03
1505,61,29,6,5,2024-05-09
1506,16,50,5,2,2024-10-05
1507,96,41,4,3,2024-11-01
1508,32,31,4,4,2024-05-15
1509,1,7,2,5,2025-03-01
1510,18,42,9,5,2024-08-04
1511,38,48,6,5,2024-06-02
1512,85,36,10,3,2025-01-22
1513,100,16,5,2,2024-08-30
1514,2,37,10,1,2024-08-02
1515,33,40,4,2,2025-02-09
1516,17,14,7,2,2024-12-27
1517,73,48,6,5,2024-10-06
1518,14,2,5,5,2024-06-22
1519,55,41,5,5,2024-12-21
1520,28,27,7,5,2024-08-02
1521,4,27,2,3,2024-06-10
1522,22,8,4,3,2024-05-24
1523,15,34,9,5,2024-10-23
1524,54,6,4,3,2025-01-15
1525,8,13,6,3,2025-02-02
1526,87,23,2,5,2024-08-31
1527,38,11,7,4,2024-04-25
1528,85,10,2,2,2025-02-03
1529,42,34,3,1,2024-07-06
1530,84,37,3,4,2024-11-16
1531,58,45,9,3,2024-11-04
1532,48,49,7,2,2025-02-27
1533,91,9,6,5,2024-05-23
1534,43,34,3,3,2024-12-29
1535,39,21,2,5,2024-06-27
1536,18,18,6,5,2024-08-06
1537,36,20,4,3,2024-04-21
1538,16,11,6,5,2024-04-21
1539,3,23,1,1,2024-12-08
1540,86,38,9,1,2025-02-13
1541,85,5,10,5,2024-12-15
1542,30,24,6,5,2024-04-24
1543,51,36,8,4,2024-08-02
1544,72,25,2,1,2025-02-07
1545,8,6,7,1,2024-06-12
1546,41,11,8,5,2024-07-08
1547,44,35,3,2,2024-08-01
1548,91,25,3,1,2024-04-16
1549,99,45,6,2,2024-04-26
1550,83,5,9,3,2025-02-24
1551,70,4,7,1,2024-04-25
1552,17,46,10,5,2024-12-05
1553,67,42,4,5,2025-03-05
1554,91,39,4,1,2025-02-15
1555,52,8,5,1,2024-05-30
1556,3,41,3,5,2025-01-16
1557,92,15,4,1,2024-06-05
1558,86,2,2,4,2025-03-12
1559,18,50,2,5,2024-12-18
1560,31,31,7,4,2024-09-08
1561,52,44,1,1,2024-08-01
1562,61,30,9,1,2024-05-10
1563,6,4,9,3,2024-09-08
1564,48,20,1,3,2024-04-25
1565,52,5,6,3,2024-12-24
1566,63,18,10,1,2024-04-18
1567,63,11,6,4,2024-11-04
1568,49,17,5,3,2025-01-15
1569,1,21,7,2,2024-11-28
1570,36,18,3,5,2024-11-24
1571,77,26,5,4,2025-03-01
1572,7,38,8,1,2025-01-26
1573,31,18,8,5,2024-06-17
1574,14,36,5,1,2024-05-25
1575,62,18,9,1,2025-01-05
1576,49,21,8,2,2024-06-20
1577,46,19,6,1,2024-12-24
1578,37,27,8,4,2025-04-02
1579,91,31,3,2,2025-03-27
1580,38,34,8,5,2025-01-16
1581,66,7,8,2,2024-11-26
1582,32,26,8,4,2025-01-08
1583,35,20,10,2,2024-12-31
1584,46,37,8,1,2024-10-02
1585,70,16,6,1,2025-03-21
1586,83,17,3,3,2025-01-11
1587,66,24,5,1,2024-05-20
1588,36,41,9,5,2024-06-21
1589,87,47,8,3,2024-12-06
1590,95,29,5,2,2025-02-13
1591,83,2,5,2,2025-01-24
1592,40,21,2,5,2024-06-03
1593,100,37,6,2,2025-02-24
1594,33,15,8,2,2024-12-01
1595,8,40,9,3,2024-07-29
1596,23,33,6,2,2024-05-09
1597,2,1,7,1,2024-08-15
1598,6,35,1,5,2024-10-20
1599,64,34,6,5,2024-10-31
1600,21,36,5,4,2025-01-25
1601,85,25,6,3,2024-05-08
1602,87,12,3,5,2024-06-02
1603,31,26,4,1,2025-02-17
1604,80,47,8,1,2024-10-29
1605,7,15,1,2,2024-08-03
1606,70,6,7,1,2024-05-02
1607,60,18,3,1,2025-03-14
1608,11,3,4,2,2024-07-28
1609,45,22,8,3,2024-08-18
1610,84,14,5,1,2025-02-16
1611,87,30,7,1,2024-04-25
1612,100,2,10,1,2024-04-17
1613,24,23,7,2,2024-06-25
1614,71,4,4,2,2025-01-05
1615,20,42,4,1,2025-04-04
1616,69,16,4,3,2024-09-10
1617,13,30,2,2,2024-07-09
1618,66,17,5,4,2024-09-18
1619,15,37,2,4,2024-12-31
1620,9,11,5,5,2024-04-25
1621,98,13,4,4,2024-04-17
1622,78,36,5,1,2024-08-27
1623,21,16,1,1,2024-11-06
1624,41,41,7,3,2024-09-25
1625,35,12,8,5,2025-02-26
1626,30,6,10,1,2024-05-27
1627,77,30,1,4,2024-12-16
1628,26,24,7,4,2024-10-18
1629,85,7,3,1,2024-10-23
1630,54,49,4,1,2024-08-25
1631,98,22,10,3,2024-06-20
1632,76,20,7,5,2025-01-01
1633,56,6,10,4,2025-02-04
1634,1,46,9,1,2024-10-18
1635,23,6,7,1,2024-08-08
1636,55,36,7,2,2024-11-27
1637,31,16,10,1,2024-08-05
1638,34,4,10,2,2025-03-09
1639,19,25,3,4,2024-08-19
1640,29,6,10,1,2024-04-12
1641,17,23,7,2,2025-01-09
1642,31,23,2,3,2024-12-17
1643,12,28,6,4,2024-11-10
1644,56,19,6,1,2024-10-03
1645,53,44,10,5,2024-11-09
1646,74,35,1,1,2024-11-10
1647,11,26,3,2,2024-12-08
1648,97,14,5,2,2025-02-19
1649,64,38,7,4,2025-03-24
1650,8,50,10,5,2024-10-31
1651,38,47,9,3,2024-11-14
1652,25,24,7,2,2025-03-23
1653,11,32,3,5,2024-08-22
1654,49,22,2,2,2024-11-02
1655,8,1,7,2,2025-03-10
1656,11,35,2,3,2024-11-19
1657,84,5,3,1,2025-01-06
1658,29,7,2,5,2024-04-21
1659,75,22,9,3,2024-05-06
1660,53,29,3,1,2024-08-14
1661,1,5,9,1,2024-08-08
1662,41,1,5,2,2024-08-01
1663,45,25,10,5,2024-12-12
1664,61,46,4,2,2024-09-06
1665,18,30,7,5,2025-02-24
1666,44,1,6,4,2024-06-25
1667,97,35,9,1,2024-07-25
1668,10,7,6,2,2024-04-19
1669,85,5,7,3,2025-01-04
1670,61,34,10,5,2024-04-17
1671,76,19,2,3,2024-09-28
1672,55,30,9,1,2024-06-22
1673,44,12,1,5,2024-12-22
1674,10,30,2,5,2024-06-18
1675,52,3,6,3,2025-02-06
1676,88,49,9,2,2024-04-08
1677,83,41,1,4,2025-03-29
1678,6,4,9,2,2024-07-21
1679,89,1,9,2,2025-01-27
1680,1,24,8,5,2025-03-23
1681,58,49,9,4,2025-02-15
1682,12,4,1,4,2024-09-09
1683,55,41,6,2,2024-11-03
1684,47,35,6,4,2024-10-08
1685,45,44,3,3,2024-04-25
1686,99,14,2,1,2024-10-03
1687,9,15,2,4,2024-11-24
1688,63,38,7,5,2025-04-03
1689,24,50,9,5,2025-03-31
1690,10,22,8,3,2024-04-20
1691,64,34,7,5,2025-01-04
1692,56,36,9,1,2025-03-23
1693,63,15,6,5,2024-04-21
1694,74,22,8,5,2025-02-17
1695,34,47,8,2,2024-08-07
1696,96,46,1,5,2025-03-26
1697,15,24,8,4,2024-05-06
1698,60,43,5,4,2024-06-10
1699,93,35,8,5,2024-07-05
1700,45,47,9,5,2025-02-12
1701,21,16,9,2,2025-04-08
1702,89,38,1,5,2024-10-08
1703,28,3,7,3,2024-07-16
1704,20,22,6,3,2024-09-25
1705,81,47,10,2,2025-01-13
1706,30,24,4,3,2024-08-02
1707,17,4,2,3,2025-02-26
1708,78,38,10,4,2025-03-19
1709,88,27,8,2,2024-08-28
1710,49,11,3,4,2024-10-26
1711,98,26,3,2,2024-09-20
1712,46,31,2,2,2024-08-26
1713,74,11,6,3,2024-12-13
1714,28,1,2,1,2024-06-08
1715,15,18,3,5,2024-08-20
1716,54,21,1,4,2024-11-15
1717,28,39,10,2,2024-09-28
1718,84,29,1,2,2024-12-06
1719,7,13,7,3,2024-12-09
1720,71,3,5,5,2025-01-20
1721,10,24,1,3,2025-03-28
1722,72,18,7,4,2024-04-21
1723,60,12,5,2,2025-03-01
1724,48,21,2,5,2025-02-03
1725,55,22,4,1,2024-12-26
1726,81,7,7,2,2024-12-07
1727,88,49,1,1,2024-09-30
1728,85,2,1,5,2024-06-19
1729,29,42,5,2,2024-06-09
1730,48,5,1,5,2024-08-28
1731,17,26,6,2,2025-01-22
1732,22,37,9,4,2024-09-02
1733,79,32,3,4,2024-11-22
1734,13,20,1,5,2024-12-24
1735,27,49,1,2,2025-02-05
1736,70,29,7,2,2024-06-16
1737,63,12,5,1,2024-05-02
1738,51,22,9,5,2024-05-07
1739,50,49,9,2,2024-10-12
1740,4,47,9,2,2025-03-23
1741,56,32,10,4,2024-11-26
1742,26,33,2,1,2025-01-24
1743,25,46,3,3,2024-11-10
1744,24,25,6,2,2024-04-17
1745,42,45,9,2,2024-09-01
1746,4,16,10,3,2024-09-10
1747,34,43,9,2,2024-11-02
1748,78,10,9,3,2024-11-11
1749,42,39,3,3,2025-02-12
1750,86,12,10,1,2024-08-07
1751,19,42,9,3,2024-10-26
1752,1,29,3,5,2025-03-13
1753,67,10,8,2,2024-08-30
1754,15,29,2,5,2024-06-19
1755,65,16,7,2,2024-08-26
1756,83,30,4,5,2024-12-03
1757,34,18,10,3,2024-08-04
1758,27,47,6,2,2024-09-10
1759,1,36,4,3,2024-06-12
1760,8,16,2,1,2024-10-27
1761,98,43,10,4,2024-06-06
1762,90,42,6,3,2025-03-22
1763,59,47,10,5,2024-09-04
1764,2,33,8,1,2024-07-06
1765,73,7,8,2,2025-03-03
1766,64,50,2,1,2024-09-08
1767,47,27,9,5,2024-06-06
1768,9,29,7,5,2024-05-22
1769,17,22,7,2,2024-12-15
1770,17,38,5,4,2024-12-20
1771,75,4,7,5,2025-02-02
1772,11,19,8,3,2024-06-02
1773,19,45,8,1,2025-01-29
1774,11,33,1,5,2024-05-24
1775,88,38,10,5,2025-01-19
1776,32,31,7,2,2025-04-04
1777,82,44,6,3,2024-10-18
1778,15,37,8,3,2024-04-14
1779,96,36,7,3,2024-12-10
1780,60,46,8,4,2024-06-05
1781,92,2,8,4,2024-09-04
1782,81,1,1,4,2024-04-08
1783,50,14,10,3,2024-11-04
1784,97,14,2,2,2024-05-15
1785,3,30,4,4,2024-08-26
1786,88,31,10,1,2024-08-03
1787,26,37,2,2,2024-12-17
1788,7,28,4,1,2024-11-24
1789,44,10,6,2,2024-12-08
1790,16,21,5,3,2024-06-11
1791,93,9,4,1,2025-02-07
1792,65,42,5,4,2024-05-04
1793,63,36,10,4,2024-12-05
1794,99,1,9,3,2025-01-16
1795,73,8,7,1,2025-01-15
1796,64,22,10,2,2024-04-25
1797,5,1,7,5,2024-06-20
1798,22,32,6,3,2024-07-11
1799,15,46,4,5,2024-11-19
1800,80,49,8,5,2024-09-11
1801,15,10,9,4,2024-09-29
1802,76,31,4,3,2024-08-10
1803,25,18,9,5,2025-03-15
1804,39,26,9,1,2024-06-02
1805,41,29,6,1,2024-11-20
1806,56,24,4,4,2024-06-29
1807,66,49,8,4,2024-11-07
1808,45,5,8,2,2025-01-11
1809,53,32,3,4,2024-04-30
1810,60,36,9,4,2025-03-01
1811,41,7,4,4,2025-03-14
1812,78,11,5,4,2025-01-16
1813,45,33,3,5,2025-02-03
1814,68,2,7,1,2025-03-30
1815,26,2,3,4,2024-11-04
1816,5,42,3,4,2025-02-23
1817,30,10,8,5,2024-05-30
1818,29,50,10,3,2025-03-22
1819,94,35,1,5,2024-09-06
1820,22,7,10,5,2024-08-11
1821,46,30,4,4,2024-11-06
1822,92,8,9,3,2024-07-10
1823,76,32,5,1,2025-03-26
1824,7,41,9,2,2024-06-18
1825,50,6,2,4,2024-12-12
1826,24,8,6,3,2025-02-03
1827,97,32,2,2,2024-11-26
1828,14,35,6,2,2025-01-06
1829,8,32,3,4,2024-11-06
1830,64,37,4,3,2024-09-12
1831,84,48,6,1,2024-05-14
1832,8,38,9,2,2025-01-24
1833,90,45,8,2,2024-11-06
1834,98,9,2,4,2024-05-04
1835,94,26,10,2,2024-05-09
1836,83,36,9,4,2024-07-27
1837,77,23,10,3,2024-12-05
1838,4,32,1,1,2024-04-19
1839,100,41,7,4,2025-02-28
1840,72,49,5,2,2024-12-05
1841,86,2,2,2,2024-08-07
1842,76,43,9,4,2024-07-09
1843,68,3,5,1,2024-07-27
1844,52,40,9,4,2025-01-18
1845,12,8,10,4,2024-12-10
1846,2,15,6,5,2025-01-18
1847,26,27,4,2,2024-06-02
1848,16,13,4,3,2024-04-30
1849,84,46,8,5,2025-02-17
1850,75,25,3,5,2025-01-07
1851,63,21,8,5,2025-02-09
1852,64,8,8,1,2024-08-15
1853,94,20,9,4,2024-04-13
1854,94,15,8,5,2024-11-14
1855,60,32,3,5,2024-06-21
1856,49,49,5,1,2024-12-13
1857,3,13,10,1,2024-05-01
1858,25,21,1,5,2024-12-26
1859,56,21,10,2,2024-09-01
1860,72,38,6,1,2024-05-02
1861,63,7,7,2,2024-07-30
1862,92,2,4,4,2024-09-21
1863,87,9,3,3,2025-03-02
1864,64,39,10,4,2025-02-11
1865,86,28,10,2,2024-12-12
1866,32,20,10,3,2024-08-11
1867,23,44,10,5,2024-10-07
1868,41,37,8,5,2024-06-14
1869,22,16,9,5,2024-08-03
1870,78,1,8,2,2025-01-11
1871,40,15,9,2,2024-08-20
1872,41,44,5,2,2024-07-02
1873,25,13,5,1,2025-04-04
1874,34,22,7,3,2025-01-01
1875,38,43,4,3,2024-08-08
1876,40,28,3,4,2024-11-26
1877,84,49,9,5,2024-05-18
1878,29,4,3,2,2024-08-27
1879,21,41,9,2,2025-01-20
1880,99,25,6,2,2025-02-09
1881,72,1,1,5,2025-02-04
1882,60,33,9,5,2024-07-01
1883,24,37,10,4,2024-06-10
1884,25,22,2,4,2025-03-21
1885,3,4,6,5,2024-12-01
1886,45,43,9,5,2024-04-14
1887,1,26,2,5,2024-08-06
1888,33,11,8,1,2024-10-23
1889,91,47,4,5,2025-03-22
1890,44,38,3,3,2024-08-24
1891,36,40,2,2,2024-07-13
1892,85,26,9,4,2025-03-21
1893,4,14,8,1,2024-05-24
1894,85,49,1,2,2025-02-11
1895,86,47,5,5,2024-04-25
1896,25,49,6,2,2024-10-08
1897,56,45,3,3,2024-11-06
1898,50,1,2,1,2025-03-22
1899,15,19,5,4,2024-11-22
1900,73,22,10,5,2024-08-29
1901,90,31,8,1,2024-05-13
1902,87,33,9,3,2024-09-11
1903,27,26,7,5,2024-08-09
1904,30,3,1,3,2024-09-22
1905,28,17,2,2,2024-10-01
1906,92,6,10,3,2025-03-26
1907,82,33,2,5,2024-07-08
1908,6,31,2,5,2024-05-21
1909,27,25,6,5,2025-04-02
1910,12,46,4,2,2025-03-31
1911,98,13,5,1,2025-04-01
1912,28,49,10,2,2024-11-05
1913,13,33,5,2,2024-07-13
1914,60,48,2,1,2024-09-15
1915,44,30,8,1,2024-11-27
1916,7,50,10,5,2024-06-04
1917,9,5,3,5,2024-10-31
1918,78,39,10,4,2024-08-01
1919,39,40,4,4,2025-02-09
1920,68,16,3,2,2024-07-06
1921,71,3,4,2,2024-07-26
1922,19,48,2,5,2024-06-18
1923,31,41,10,1,2025-02-07
1924,61,38,10,1,2024-11-08
1925,31,46,3,4,2025-01-19
1926,52,21,2,3,2024-09-30
1927,20,11,2,2,2024-07-06
1928,8,33,9,5,2024-07-25
1929,3,14,3,5,2025-01-20
1930,12,32,3,2,2024-05-28
1931,28,10,7,1,2024-10-08
1932,43,33,3,5,2024-05-16
1933,66,10,4,3,2024-11-29
1934,41,40,6,5,2025-01-30
1935,58,7,4,2,2024-09-05
1936,97,1,4,2,2025-01-15
1937,18,19,3,2,2024-09-30
1938,2,37,9,2,2024-09-02
1939,92,11,2,5,2025-01-04
1940,58,18,9,1,2024-11-02
1941,85,34,6,4,2025-02-07
1942,32,47,4,1,2025-01-29
1943,6,1,4,5,2024-10-10
1944,93,29,3,2,2025-03-30
1945,14,3,1,4,2024-07-26
1946,74,24,2,2,2024-09-22
1947,90,2,9,5,2024-12-17
1948,56,25,4,1,2024-10-24
1949,98,35,4,3,2025-02-16
1950,5,22,10,3,2024-12-29
1951,7,4,8,5,2024-12-28
1952,12,49,1,5,2025-03-16
1953,4,42,2,3,2024-05-18
1954,41,10,3,5,2024-04-15
1955,26,29,7,5,2024-12-25
1956,70,27,4,2,2025-02-27
1957,2,44,4,3,2024-11-28
1958,22,32,7,1,2024-07-13
1959,71,32,5,5,2024-05-23
1960,48,47,8,3,2024-11-08
1961,40,2,10,3,2024-11-21
1962,82,13,9,1,2024-07-23
1963,20,8,9,3,2024-11-18
1964,57,7,2,1,2024-07-26
1965,75,3,1,4,2024-04-16
1966,80,20,5,2,2025-03-18
1967,26,28,7,2,2024-05-01
1968,98,36,9,2,2024-07-20
1969,79,2,1,1,2024-09-08
1970,35,39,6,1,2025-03-14
1971,24,31,7,1,2024-09-25
1972,51,44,4,2,2025-03-20
1973,31,23,9,3,2024-11-11
1974,53,7,4,4,2024-07-21
1975,49,48,9,5,2024-08-09
1976,7,48,2,2,2024-09-01
1977,81,16,8,4,2024-12-08
1978,100,38,2,5,2024-10-03
1979,70,27,4,5,2024-05-13
1980,27,41,1,5,2024-11-19
1981,82,35,5,1,2025-02-04
1982,53,2,2,5,2024-09-23
1983,68,42,7,3,2024-11-01
1984,58,50,5,4,2024-07-26
1985,46,35,3,3,2024-08-16
1986,50,47,6,2,2025-03-09
1987,44,32,4,4,2024-09-22
1988,57,16,3,2,2024-11-25
1989,37,12,3,1,2024-07-07
1990,56,4,10,2,2024-11-25
1991,97,45,1,1,2025-01-20
1992,98,9,6,4,2025-01-27
1993,20,32,6,1,2024-05-24
1994,10,27,7,5,2025-03-16
1995,58,46,10,3,2024-06-13
1996,28,10,3,5,2024-11-27
1997,96,20,7,4,2024-12-12
1998,29,23,9,2,2024-04-23
1999,88,23,8,4,2025-02-20
